{"cameraMode":{"drawMode":0,"name":"Shaded","section":"Shading Mode"},"sceneLighting":true,"audioPlay":false,"sceneViewState":{"m_AlwaysRefresh":true,"showFog":true,"showSkybox":true,"showFlares":true,"showImageEffects":true,"showParticleSystems":true,"showVisualEffectGraphs":true,"m_FxEnabled":true},"in2DMode":false,"pivot":{"x":-0.11956679821014404,"y":-56.328948974609378,"z":56.03420639038086},"rotation":{"x":-0.3790861666202545,"y":0.004716780036687851,"z":-0.0019328640773892403,"w":-0.9253567457199097},"size":42.730430603027347,"orthographic":false}